<?xml version="1.0" encoding="UTF-8"?>
<export version="D">
  <design>
    <source>C:\Users\phili\OneDrive\Electrical\JLCPCB\SimpleTM32\SimpleTM32.sch</source>
    <date>21/11/2020 17:58:51</date>
    <tool>Eeschema (5.1.7)-1</tool>
    <sheet number="1" name="/" tstamps="/">
      <title_block>
        <title>STM32F1 Breakout Board</title>
        <company>Phil's Lab</company>
        <rev>V1.0</rev>
        <date>2020-11-21</date>
        <source>SimpleTM32.sch</source>
        <comment number="1" value="www.youtube.com/c/phils94"/>
        <comment number="2" value=""/>
        <comment number="3" value=""/>
        <comment number="4" value=""/>
      </title_block>
    </sheet>
  </design>
  <components>
    <comp ref="U2">
      <value>STM32F103C8T6</value>
      <footprint>Package_QFP:LQFP-48_7x7mm_P0.5mm</footprint>
      <datasheet>http://www.st.com/st-web-ui/static/active/en/resource/technical/document/datasheet/CD00161566.pdf</datasheet>
      <fields>
        <field name="LCSC Part #">C8734</field>
      </fields>
      <libsource lib="MCU_ST_STM32F1" part="STM32F103C8Tx" description="ARM Cortex-M3 MCU, 64KB flash, 20KB RAM, 72MHz, 2-3.6V, 37 GPIO, LQFP-48"/>
      <sheetpath names="/" tstamps="/"/>
      <tstamp>5FA7B878</tstamp>
    </comp>
    <comp ref="J1">
      <value>USB_B_Micro</value>
      <footprint>Connector_USB:USB_Micro-B_Wuerth_629105150521</footprint>
      <datasheet>~</datasheet>
      <libsource lib="Connector" part="USB_B_Micro" description="USB Micro Type B connector"/>
      <sheetpath names="/" tstamps="/"/>
      <tstamp>5FA8264B</tstamp>
    </comp>
    <comp ref="C11">
      <value>30p</value>
      <footprint>Capacitor_SMD:C_0402_1005Metric</footprint>
      <datasheet>~</datasheet>
      <fields>
        <field name="LCSC Part #">C1570</field>
      </fields>
      <libsource lib="Device" part="C_Small" description="Unpolarized capacitor, small symbol"/>
      <sheetpath names="/" tstamps="/"/>
      <tstamp>5FA874F7</tstamp>
    </comp>
    <comp ref="C10">
      <value>30p</value>
      <footprint>Capacitor_SMD:C_0402_1005Metric</footprint>
      <datasheet>~</datasheet>
      <fields>
        <field name="LCSC Part #">C1570</field>
      </fields>
      <libsource lib="Device" part="C_Small" description="Unpolarized capacitor, small symbol"/>
      <sheetpath names="/" tstamps="/"/>
      <tstamp>5FA87E55</tstamp>
    </comp>
    <comp ref="Y1">
      <value>8MHz</value>
      <footprint>Crystal:Crystal_SMD_5032-2Pin_5.0x3.2mm</footprint>
      <datasheet>~</datasheet>
      <fields>
        <field name="LCSC Part #">C115962</field>
      </fields>
      <libsource lib="Device" part="Crystal_Small" description="Two pin crystal, small symbol"/>
      <sheetpath names="/" tstamps="/"/>
      <tstamp>5FA88674</tstamp>
    </comp>
    <comp ref="JP1">
      <value>SolderJumper_2_Open</value>
      <footprint>Jumper:SolderJumper-2_P1.3mm_Open_Pad1.0x1.5mm</footprint>
      <datasheet>~</datasheet>
      <libsource lib="Jumper" part="SolderJumper_2_Open" description="Solder Jumper, 2-pole, open"/>
      <sheetpath names="/" tstamps="/"/>
      <tstamp>5FA95D1D</tstamp>
    </comp>
    <comp ref="R2">
      <value>10k</value>
      <footprint>Resistor_SMD:R_0402_1005Metric</footprint>
      <datasheet>~</datasheet>
      <fields>
        <field name="LCSC Part #">C25744</field>
      </fields>
      <libsource lib="Device" part="R_Small" description="Resistor, small symbol"/>
      <sheetpath names="/" tstamps="/"/>
      <tstamp>5FA9709C</tstamp>
    </comp>
    <comp ref="D2">
      <value>BLUE</value>
      <footprint>LED_SMD:LED_0603_1608Metric</footprint>
      <datasheet>~</datasheet>
      <fields>
        <field name="LCSC Part #">C72041</field>
      </fields>
      <libsource lib="Device" part="LED_Small" description="Light emitting diode, small symbol"/>
      <sheetpath names="/" tstamps="/"/>
      <tstamp>5FAB27F5</tstamp>
    </comp>
    <comp ref="R3">
      <value>1k5</value>
      <footprint>Resistor_SMD:R_0603_1608Metric</footprint>
      <datasheet>~</datasheet>
      <fields>
        <field name="LCSC Part #">C22843</field>
      </fields>
      <libsource lib="Device" part="R_Small" description="Resistor, small symbol"/>
      <sheetpath names="/" tstamps="/"/>
      <tstamp>5FAB6087</tstamp>
    </comp>
    <comp ref="L1">
      <value>27n</value>
      <footprint>Inductor_SMD:L_0402_1005Metric</footprint>
      <datasheet>~</datasheet>
      <fields>
        <field name="LCSC Part #">C18830</field>
      </fields>
      <libsource lib="Device" part="L_Small" description="Inductor, small symbol"/>
      <sheetpath names="/" tstamps="/"/>
      <tstamp>5FAC4393</tstamp>
    </comp>
    <comp ref="C7">
      <value>100n</value>
      <footprint>Capacitor_SMD:C_0402_1005Metric</footprint>
      <datasheet>~</datasheet>
      <fields>
        <field name="LCSC Part #">C1525</field>
      </fields>
      <libsource lib="Device" part="C_Small" description="Unpolarized capacitor, small symbol"/>
      <sheetpath names="/" tstamps="/"/>
      <tstamp>5FAC3D2E</tstamp>
    </comp>
    <comp ref="C6">
      <value>100n</value>
      <footprint>Capacitor_SMD:C_0402_1005Metric</footprint>
      <datasheet>~</datasheet>
      <fields>
        <field name="LCSC Part #">C1525</field>
      </fields>
      <libsource lib="Device" part="C_Small" description="Unpolarized capacitor, small symbol"/>
      <sheetpath names="/" tstamps="/"/>
      <tstamp>5FAC385D</tstamp>
    </comp>
    <comp ref="C5">
      <value>100n</value>
      <footprint>Capacitor_SMD:C_0402_1005Metric</footprint>
      <datasheet>~</datasheet>
      <fields>
        <field name="LCSC Part #">C1525</field>
      </fields>
      <libsource lib="Device" part="C_Small" description="Unpolarized capacitor, small symbol"/>
      <sheetpath names="/" tstamps="/"/>
      <tstamp>5FAC34FE</tstamp>
    </comp>
    <comp ref="C4">
      <value>100n</value>
      <footprint>Capacitor_SMD:C_0402_1005Metric</footprint>
      <datasheet>~</datasheet>
      <fields>
        <field name="LCSC Part #">C1525</field>
      </fields>
      <libsource lib="Device" part="C_Small" description="Unpolarized capacitor, small symbol"/>
      <sheetpath names="/" tstamps="/"/>
      <tstamp>5FAC30B2</tstamp>
    </comp>
    <comp ref="C3">
      <value>4u7</value>
      <footprint>Capacitor_SMD:C_0603_1608Metric</footprint>
      <datasheet>~</datasheet>
      <fields>
        <field name="LCSC Part #">C19666</field>
      </fields>
      <libsource lib="Device" part="C_Small" description="Unpolarized capacitor, small symbol"/>
      <sheetpath names="/" tstamps="/"/>
      <tstamp>5FAD481C</tstamp>
    </comp>
    <comp ref="U1">
      <value>XC6206P332MR</value>
      <footprint>Package_TO_SOT_SMD:SOT-23</footprint>
      <datasheet>https://www.torexsemi.com/file/xc6206/XC6206.pdf</datasheet>
      <fields>
        <field name="LCSC Part #">C5446</field>
      </fields>
      <libsource lib="Regulator_Linear" part="XC6206PxxxMR" description="Positive 60-250mA Low Dropout Regulator, Fixed Output, SOT-23"/>
      <sheetpath names="/" tstamps="/"/>
      <tstamp>5FAED1BA</tstamp>
    </comp>
    <comp ref="C1">
      <value>1u</value>
      <footprint>Capacitor_SMD:C_0603_1608Metric</footprint>
      <datasheet>~</datasheet>
      <fields>
        <field name="LCSC Part #">C15849</field>
      </fields>
      <libsource lib="Device" part="C_Small" description="Unpolarized capacitor, small symbol"/>
      <sheetpath names="/" tstamps="/"/>
      <tstamp>5FAF0352</tstamp>
    </comp>
    <comp ref="C2">
      <value>1u</value>
      <footprint>Capacitor_SMD:C_0603_1608Metric</footprint>
      <datasheet>~</datasheet>
      <fields>
        <field name="LCSC Part #">C15849</field>
      </fields>
      <libsource lib="Device" part="C_Small" description="Unpolarized capacitor, small symbol"/>
      <sheetpath names="/" tstamps="/"/>
      <tstamp>5FAF6D63</tstamp>
    </comp>
    <comp ref="FB1">
      <value>100R</value>
      <footprint>Inductor_SMD:L_0805_2012Metric</footprint>
      <datasheet>~</datasheet>
      <fields>
        <field name="LCSC Part #">C1015</field>
      </fields>
      <libsource lib="Device" part="Ferrite_Bead_Small" description="Ferrite bead, small symbol"/>
      <sheetpath names="/" tstamps="/"/>
      <tstamp>5FB00464</tstamp>
    </comp>
    <comp ref="J2">
      <value>Conn_01x15</value>
      <footprint>Connector_PinHeader_2.54mm:PinHeader_1x15_P2.54mm_Vertical</footprint>
      <datasheet>~</datasheet>
      <libsource lib="Connector_Generic" part="Conn_01x15" description="Generic connector, single row, 01x15, script generated (kicad-library-utils/schlib/autogen/connector/)"/>
      <sheetpath names="/" tstamps="/"/>
      <tstamp>5FB12C64</tstamp>
    </comp>
    <comp ref="J3">
      <value>Conn_01x15</value>
      <footprint>Connector_PinHeader_2.54mm:PinHeader_1x15_P2.54mm_Vertical</footprint>
      <datasheet>~</datasheet>
      <libsource lib="Connector_Generic" part="Conn_01x15" description="Generic connector, single row, 01x15, script generated (kicad-library-utils/schlib/autogen/connector/)"/>
      <sheetpath names="/" tstamps="/"/>
      <tstamp>5FB1F98E</tstamp>
    </comp>
    <comp ref="D1">
      <value>GREEN</value>
      <footprint>LED_SMD:LED_0603_1608Metric</footprint>
      <datasheet>~</datasheet>
      <fields>
        <field name="LCSC Part #">C72043</field>
      </fields>
      <libsource lib="Device" part="LED_Small" description="Light emitting diode, small symbol"/>
      <sheetpath names="/" tstamps="/"/>
      <tstamp>5FB2576E</tstamp>
    </comp>
    <comp ref="R1">
      <value>1k5</value>
      <footprint>Resistor_SMD:R_0603_1608Metric</footprint>
      <datasheet>~</datasheet>
      <fields>
        <field name="LCSC Part #">C22843</field>
      </fields>
      <libsource lib="Device" part="R_Small" description="Resistor, small symbol"/>
      <sheetpath names="/" tstamps="/"/>
      <tstamp>5FB283A1</tstamp>
    </comp>
    <comp ref="R4">
      <value>1k5</value>
      <footprint>Resistor_SMD:R_0402_1005Metric</footprint>
      <datasheet>~</datasheet>
      <fields>
        <field name="LCSC Part #">C25867</field>
      </fields>
      <libsource lib="Device" part="R_Small" description="Resistor, small symbol"/>
      <sheetpath names="/" tstamps="/"/>
      <tstamp>5FB3CFDC</tstamp>
    </comp>
    <comp ref="C9">
      <value>100n</value>
      <footprint>Capacitor_SMD:C_0402_1005Metric</footprint>
      <datasheet>~</datasheet>
      <fields>
        <field name="LCSC Part #">C1525</field>
      </fields>
      <libsource lib="Device" part="C_Small" description="Unpolarized capacitor, small symbol"/>
      <sheetpath names="/" tstamps="/"/>
      <tstamp>5FAC7DF7</tstamp>
    </comp>
    <comp ref="C8">
      <value>1u</value>
      <footprint>Capacitor_SMD:C_0402_1005Metric</footprint>
      <datasheet>~</datasheet>
      <fields>
        <field name="LCSC Part #">C52923</field>
      </fields>
      <libsource lib="Device" part="C_Small" description="Unpolarized capacitor, small symbol"/>
      <sheetpath names="/" tstamps="/"/>
      <tstamp>5FAC7717</tstamp>
    </comp>
  </components>
  <libparts>
    <libpart lib="Connector" part="USB_B_Micro">
      <aliases>
        <alias>USB_B_Mini</alias>
      </aliases>
      <description>USB Micro Type B connector</description>
      <docs>~</docs>
      <footprints>
        <fp>USB*</fp>
      </footprints>
      <fields>
        <field name="Reference">J</field>
        <field name="Value">USB_B_Micro</field>
      </fields>
      <pins>
        <pin num="1" name="VBUS" type="power_out"/>
        <pin num="2" name="D-" type="BiDi"/>
        <pin num="3" name="D+" type="BiDi"/>
        <pin num="4" name="ID" type="passive"/>
        <pin num="5" name="GND" type="power_out"/>
        <pin num="6" name="Shield" type="passive"/>
      </pins>
    </libpart>
    <libpart lib="Connector_Generic" part="Conn_01x15">
      <description>Generic connector, single row, 01x15, script generated (kicad-library-utils/schlib/autogen/connector/)</description>
      <docs>~</docs>
      <footprints>
        <fp>Connector*:*_1x??_*</fp>
      </footprints>
      <fields>
        <field name="Reference">J</field>
        <field name="Value">Conn_01x15</field>
      </fields>
      <pins>
        <pin num="1" name="Pin_1" type="passive"/>
        <pin num="2" name="Pin_2" type="passive"/>
        <pin num="3" name="Pin_3" type="passive"/>
        <pin num="4" name="Pin_4" type="passive"/>
        <pin num="5" name="Pin_5" type="passive"/>
        <pin num="6" name="Pin_6" type="passive"/>
        <pin num="7" name="Pin_7" type="passive"/>
        <pin num="8" name="Pin_8" type="passive"/>
        <pin num="9" name="Pin_9" type="passive"/>
        <pin num="10" name="Pin_10" type="passive"/>
        <pin num="11" name="Pin_11" type="passive"/>
        <pin num="12" name="Pin_12" type="passive"/>
        <pin num="13" name="Pin_13" type="passive"/>
        <pin num="14" name="Pin_14" type="passive"/>
        <pin num="15" name="Pin_15" type="passive"/>
      </pins>
    </libpart>
    <libpart lib="Device" part="C_Small">
      <description>Unpolarized capacitor, small symbol</description>
      <docs>~</docs>
      <footprints>
        <fp>C_*</fp>
      </footprints>
      <fields>
        <field name="Reference">C</field>
        <field name="Value">C_Small</field>
      </fields>
      <pins>
        <pin num="1" name="~" type="passive"/>
        <pin num="2" name="~" type="passive"/>
      </pins>
    </libpart>
    <libpart lib="Device" part="Crystal_Small">
      <description>Two pin crystal, small symbol</description>
      <docs>~</docs>
      <footprints>
        <fp>Crystal*</fp>
      </footprints>
      <fields>
        <field name="Reference">Y</field>
        <field name="Value">Crystal_Small</field>
      </fields>
      <pins>
        <pin num="1" name="1" type="passive"/>
        <pin num="2" name="2" type="passive"/>
      </pins>
    </libpart>
    <libpart lib="Device" part="Ferrite_Bead_Small">
      <description>Ferrite bead, small symbol</description>
      <docs>~</docs>
      <footprints>
        <fp>Inductor_*</fp>
        <fp>L_*</fp>
        <fp>*Ferrite*</fp>
      </footprints>
      <fields>
        <field name="Reference">FB</field>
        <field name="Value">Ferrite_Bead_Small</field>
      </fields>
      <pins>
        <pin num="1" name="~" type="passive"/>
        <pin num="2" name="~" type="passive"/>
      </pins>
    </libpart>
    <libpart lib="Device" part="LED_Small">
      <description>Light emitting diode, small symbol</description>
      <docs>~</docs>
      <footprints>
        <fp>LED*</fp>
        <fp>LED_SMD:*</fp>
        <fp>LED_THT:*</fp>
      </footprints>
      <fields>
        <field name="Reference">D</field>
        <field name="Value">LED_Small</field>
      </fields>
      <pins>
        <pin num="1" name="K" type="passive"/>
        <pin num="2" name="A" type="passive"/>
      </pins>
    </libpart>
    <libpart lib="Device" part="L_Small">
      <description>Inductor, small symbol</description>
      <docs>~</docs>
      <footprints>
        <fp>Choke_*</fp>
        <fp>*Coil*</fp>
        <fp>Inductor_*</fp>
        <fp>L_*</fp>
      </footprints>
      <fields>
        <field name="Reference">L</field>
        <field name="Value">L_Small</field>
      </fields>
      <pins>
        <pin num="1" name="~" type="passive"/>
        <pin num="2" name="~" type="passive"/>
      </pins>
    </libpart>
    <libpart lib="Device" part="R_Small">
      <description>Resistor, small symbol</description>
      <docs>~</docs>
      <footprints>
        <fp>R_*</fp>
      </footprints>
      <fields>
        <field name="Reference">R</field>
        <field name="Value">R_Small</field>
      </fields>
      <pins>
        <pin num="1" name="~" type="passive"/>
        <pin num="2" name="~" type="passive"/>
      </pins>
    </libpart>
    <libpart lib="Jumper" part="SolderJumper_2_Open">
      <description>Solder Jumper, 2-pole, open</description>
      <docs>~</docs>
      <footprints>
        <fp>SolderJumper*Open*</fp>
      </footprints>
      <fields>
        <field name="Reference">JP</field>
        <field name="Value">SolderJumper_2_Open</field>
      </fields>
      <pins>
        <pin num="1" name="A" type="passive"/>
        <pin num="2" name="B" type="passive"/>
      </pins>
    </libpart>
    <libpart lib="MCU_ST_STM32F1" part="STM32F103C8Tx">
      <aliases>
        <alias>STM32F103CBTx</alias>
      </aliases>
      <description>ARM Cortex-M3 MCU, 64KB flash, 20KB RAM, 72MHz, 2-3.6V, 37 GPIO, LQFP-48</description>
      <docs>http://www.st.com/st-web-ui/static/active/en/resource/technical/document/datasheet/CD00161566.pdf</docs>
      <footprints>
        <fp>LQFP*7x7mm*P0.5mm*</fp>
      </footprints>
      <fields>
        <field name="Reference">U</field>
        <field name="Value">STM32F103C8Tx</field>
        <field name="Footprint">Package_QFP:LQFP-48_7x7mm_P0.5mm</field>
      </fields>
      <pins>
        <pin num="1" name="VBAT" type="power_in"/>
        <pin num="2" name="PC13" type="BiDi"/>
        <pin num="3" name="PC14" type="BiDi"/>
        <pin num="4" name="PC15" type="BiDi"/>
        <pin num="5" name="PD0" type="input"/>
        <pin num="6" name="PD1" type="input"/>
        <pin num="7" name="NRST" type="input"/>
        <pin num="8" name="VSSA" type="power_in"/>
        <pin num="9" name="VDDA" type="power_in"/>
        <pin num="10" name="PA0" type="BiDi"/>
        <pin num="11" name="PA1" type="BiDi"/>
        <pin num="12" name="PA2" type="BiDi"/>
        <pin num="13" name="PA3" type="BiDi"/>
        <pin num="14" name="PA4" type="BiDi"/>
        <pin num="15" name="PA5" type="BiDi"/>
        <pin num="16" name="PA6" type="BiDi"/>
        <pin num="17" name="PA7" type="BiDi"/>
        <pin num="18" name="PB0" type="BiDi"/>
        <pin num="19" name="PB1" type="BiDi"/>
        <pin num="20" name="PB2" type="BiDi"/>
        <pin num="21" name="PB10" type="BiDi"/>
        <pin num="22" name="PB11" type="BiDi"/>
        <pin num="23" name="VSS" type="power_in"/>
        <pin num="24" name="VDD" type="power_in"/>
        <pin num="25" name="PB12" type="BiDi"/>
        <pin num="26" name="PB13" type="BiDi"/>
        <pin num="27" name="PB14" type="BiDi"/>
        <pin num="28" name="PB15" type="BiDi"/>
        <pin num="29" name="PA8" type="BiDi"/>
        <pin num="30" name="PA9" type="BiDi"/>
        <pin num="31" name="PA10" type="BiDi"/>
        <pin num="32" name="PA11" type="BiDi"/>
        <pin num="33" name="PA12" type="BiDi"/>
        <pin num="34" name="PA13" type="BiDi"/>
        <pin num="35" name="VSS" type="power_in"/>
        <pin num="36" name="VDD" type="power_in"/>
        <pin num="37" name="PA14" type="BiDi"/>
        <pin num="38" name="PA15" type="BiDi"/>
        <pin num="39" name="PB3" type="BiDi"/>
        <pin num="40" name="PB4" type="BiDi"/>
        <pin num="41" name="PB5" type="BiDi"/>
        <pin num="42" name="PB6" type="BiDi"/>
        <pin num="43" name="PB7" type="BiDi"/>
        <pin num="44" name="BOOT0" type="input"/>
        <pin num="45" name="PB8" type="BiDi"/>
        <pin num="46" name="PB9" type="BiDi"/>
        <pin num="47" name="VSS" type="power_in"/>
        <pin num="48" name="VDD" type="power_in"/>
      </pins>
    </libpart>
    <libpart lib="Regulator_Linear" part="APE8865N-12-HF-3">
      <aliases>
        <alias>APE8865N-15-HF-3</alias>
        <alias>APE8865N-16-HF-3</alias>
        <alias>APE8865N-17-HF-3</alias>
        <alias>APE8865N-18-HF-3</alias>
        <alias>APE8865N-19-HF-3</alias>
        <alias>APE8865N-20-HF-3</alias>
        <alias>APE8865N-21-HF-3</alias>
        <alias>APE8865N-22-HF-3</alias>
        <alias>APE8865N-23-HF-3</alias>
        <alias>APE8865N-24-HF-3</alias>
        <alias>APE8865N-25-HF-3</alias>
        <alias>APE8865N-26-HF-3</alias>
        <alias>APE8865N-27-HF-3</alias>
        <alias>APE8865N-28-HF-3</alias>
        <alias>APE8865N-29-HF-3</alias>
        <alias>APE8865N-30-HF-3</alias>
        <alias>APE8865N-31-HF-3</alias>
        <alias>APE8865N-32-HF-3</alias>
        <alias>APE8865N-33-HF-3</alias>
        <alias>AP2127N-1.0</alias>
        <alias>AP2127N-1.2</alias>
        <alias>AP2127N-1.5</alias>
        <alias>AP2127N-1.8</alias>
        <alias>AP2127N-2.5</alias>
        <alias>AP2127N-2.8</alias>
        <alias>AP2127N-3.0</alias>
        <alias>AP2127N-3.3</alias>
        <alias>XC6206PxxxMR</alias>
      </aliases>
      <description>300mA Low Dropout Voltage Regulator, Fixed Output 1.2V, SOT-23</description>
      <docs>http://www.tme.eu/fr/Document/ced3461ed31ea70a3c416fb648e0cde7/APE8865-3.pdf</docs>
      <footprints>
        <fp>SOT?23*</fp>
      </footprints>
      <fields>
        <field name="Reference">U</field>
        <field name="Value">APE8865N-12-HF-3</field>
        <field name="Footprint">Package_TO_SOT_SMD:SOT-23</field>
      </fields>
      <pins>
        <pin num="1" name="GND" type="power_in"/>
        <pin num="2" name="VO" type="power_out"/>
        <pin num="3" name="VI" type="power_in"/>
      </pins>
    </libpart>
  </libparts>
  <libraries>
    <library logical="Connector">
      <uri>C:\Program Files\KiCad\share\kicad\library/Connector.lib</uri>
    </library>
    <library logical="Connector_Generic">
      <uri>C:\Program Files\KiCad\share\kicad\library/Connector_Generic.lib</uri>
    </library>
    <library logical="Device">
      <uri>C:\Program Files\KiCad\share\kicad\library/Device.lib</uri>
    </library>
    <library logical="Jumper">
      <uri>C:\Program Files\KiCad\share\kicad\library/Jumper.lib</uri>
    </library>
    <library logical="MCU_ST_STM32F1">
      <uri>C:\Program Files\KiCad\share\kicad\library/MCU_ST_STM32F1.lib</uri>
    </library>
    <library logical="Regulator_Linear">
      <uri>C:\Program Files\KiCad\share\kicad\library/Regulator_Linear.lib</uri>
    </library>
  </libraries>
  <nets>
    <net code="1" name="+3.3VA">
      <node ref="C9" pin="1"/>
      <node ref="C8" pin="1"/>
      <node ref="U2" pin="9"/>
      <node ref="L1" pin="2"/>
    </net>
    <net code="2" name="GND">
      <node ref="R1" pin="2"/>
      <node ref="C6" pin="2"/>
      <node ref="C7" pin="2"/>
      <node ref="C5" pin="2"/>
      <node ref="C4" pin="2"/>
      <node ref="U2" pin="8"/>
      <node ref="C2" pin="2"/>
      <node ref="J2" pin="2"/>
      <node ref="J1" pin="5"/>
      <node ref="U2" pin="47"/>
      <node ref="U2" pin="35"/>
      <node ref="U2" pin="23"/>
      <node ref="C9" pin="2"/>
      <node ref="C8" pin="2"/>
      <node ref="J3" pin="2"/>
      <node ref="C3" pin="2"/>
      <node ref="C11" pin="2"/>
      <node ref="R2" pin="2"/>
      <node ref="C10" pin="2"/>
      <node ref="U1" pin="1"/>
      <node ref="C1" pin="2"/>
      <node ref="R3" pin="2"/>
    </net>
    <net code="3" name="VCC">
      <node ref="FB1" pin="1"/>
      <node ref="C1" pin="1"/>
      <node ref="U1" pin="3"/>
    </net>
    <net code="4" name="Net-(D2-Pad1)">
      <node ref="R3" pin="1"/>
      <node ref="D2" pin="1"/>
    </net>
    <net code="5" name="Net-(U2-Pad28)">
      <node ref="U2" pin="28"/>
    </net>
    <net code="6" name="Net-(U2-Pad27)">
      <node ref="U2" pin="27"/>
    </net>
    <net code="7" name="Net-(U2-Pad26)">
      <node ref="U2" pin="26"/>
    </net>
    <net code="8" name="Net-(U2-Pad25)">
      <node ref="U2" pin="25"/>
    </net>
    <net code="9" name="Net-(U2-Pad12)">
      <node ref="U2" pin="12"/>
    </net>
    <net code="10" name="+3V3">
      <node ref="U2" pin="24"/>
      <node ref="U2" pin="36"/>
      <node ref="J3" pin="1"/>
      <node ref="J2" pin="1"/>
      <node ref="U2" pin="1"/>
      <node ref="U2" pin="48"/>
      <node ref="JP1" pin="1"/>
      <node ref="U1" pin="2"/>
      <node ref="R4" pin="1"/>
      <node ref="L1" pin="1"/>
      <node ref="C5" pin="1"/>
      <node ref="C4" pin="1"/>
      <node ref="C2" pin="1"/>
      <node ref="C6" pin="1"/>
      <node ref="C7" pin="1"/>
      <node ref="D1" pin="2"/>
      <node ref="C3" pin="1"/>
    </net>
    <net code="11" name="PB1">
      <node ref="J3" pin="9"/>
      <node ref="U2" pin="19"/>
    </net>
    <net code="12" name="Net-(D1-Pad1)">
      <node ref="R1" pin="1"/>
      <node ref="D1" pin="1"/>
    </net>
    <net code="13" name="PB2">
      <node ref="U2" pin="20"/>
      <node ref="J3" pin="8"/>
    </net>
    <net code="14" name="PB10">
      <node ref="U2" pin="21"/>
      <node ref="J3" pin="7"/>
    </net>
    <net code="15" name="PB11">
      <node ref="J3" pin="6"/>
      <node ref="U2" pin="22"/>
    </net>
    <net code="16" name="Net-(U2-Pad7)">
      <node ref="U2" pin="7"/>
    </net>
    <net code="17" name="/LED_STAT">
      <node ref="D2" pin="2"/>
      <node ref="U2" pin="11"/>
    </net>
    <net code="18" name="PB0">
      <node ref="J3" pin="10"/>
      <node ref="U2" pin="18"/>
    </net>
    <net code="19" name="PB6">
      <node ref="J2" pin="9"/>
      <node ref="U2" pin="42"/>
    </net>
    <net code="20" name="PB5">
      <node ref="J2" pin="8"/>
      <node ref="U2" pin="41"/>
    </net>
    <net code="21" name="PB4">
      <node ref="J2" pin="7"/>
      <node ref="U2" pin="40"/>
    </net>
    <net code="22" name="SWO">
      <node ref="U2" pin="39"/>
      <node ref="J2" pin="6"/>
    </net>
    <net code="23" name="PA15">
      <node ref="U2" pin="38"/>
      <node ref="J2" pin="5"/>
    </net>
    <net code="24" name="SWCLK">
      <node ref="J2" pin="4"/>
      <node ref="U2" pin="37"/>
    </net>
    <net code="25" name="SWDIO">
      <node ref="U2" pin="34"/>
      <node ref="J2" pin="3"/>
    </net>
    <net code="26" name="Net-(U2-Pad10)">
      <node ref="U2" pin="10"/>
    </net>
    <net code="27" name="PC15">
      <node ref="J2" pin="15"/>
      <node ref="U2" pin="4"/>
    </net>
    <net code="28" name="PC14">
      <node ref="U2" pin="3"/>
      <node ref="J2" pin="14"/>
    </net>
    <net code="29" name="PC13">
      <node ref="J2" pin="13"/>
      <node ref="U2" pin="2"/>
    </net>
    <net code="30" name="PB9">
      <node ref="J2" pin="12"/>
      <node ref="U2" pin="46"/>
    </net>
    <net code="31" name="PB8">
      <node ref="U2" pin="45"/>
      <node ref="J2" pin="11"/>
    </net>
    <net code="32" name="PB7">
      <node ref="J2" pin="10"/>
      <node ref="U2" pin="43"/>
    </net>
    <net code="33" name="PA9">
      <node ref="U2" pin="30"/>
      <node ref="J3" pin="4"/>
    </net>
    <net code="34" name="Net-(J1-Pad6)">
      <node ref="J1" pin="6"/>
    </net>
    <net code="35" name="Net-(J1-Pad4)">
      <node ref="J1" pin="4"/>
    </net>
    <net code="36" name="USB_D+">
      <node ref="R4" pin="2"/>
      <node ref="U2" pin="33"/>
      <node ref="J1" pin="3"/>
    </net>
    <net code="37" name="USB_D-">
      <node ref="J1" pin="2"/>
      <node ref="U2" pin="32"/>
    </net>
    <net code="38" name="+5V">
      <node ref="FB1" pin="2"/>
      <node ref="J1" pin="1"/>
    </net>
    <net code="39" name="PA8">
      <node ref="U2" pin="29"/>
      <node ref="J3" pin="5"/>
    </net>
    <net code="40" name="PA7">
      <node ref="J3" pin="11"/>
      <node ref="U2" pin="17"/>
    </net>
    <net code="41" name="PA6">
      <node ref="U2" pin="16"/>
      <node ref="J3" pin="12"/>
    </net>
    <net code="42" name="PA5">
      <node ref="J3" pin="13"/>
      <node ref="U2" pin="15"/>
    </net>
    <net code="43" name="PA4">
      <node ref="U2" pin="14"/>
      <node ref="J3" pin="14"/>
    </net>
    <net code="44" name="PA3">
      <node ref="U2" pin="13"/>
      <node ref="J3" pin="15"/>
    </net>
    <net code="45" name="PA10">
      <node ref="J3" pin="3"/>
      <node ref="U2" pin="31"/>
    </net>
    <net code="46" name="/BOOT0">
      <node ref="JP1" pin="2"/>
      <node ref="R2" pin="1"/>
      <node ref="U2" pin="44"/>
    </net>
    <net code="47" name="/HSE_IN">
      <node ref="Y1" pin="2"/>
      <node ref="U2" pin="6"/>
      <node ref="C11" pin="1"/>
    </net>
    <net code="48" name="/HSE_OUT">
      <node ref="Y1" pin="1"/>
      <node ref="U2" pin="5"/>
      <node ref="C10" pin="1"/>
    </net>
  </nets>
</export>
